Rank,Player,ELO,Games,Wins,Win Rate,Peak,Last
1,Nadav253+6419,1603.5083872831137,20,14.0,70.0%,1624,+8
2,Led_Slash+3579,1597.2438125802184,20,14.0,70.0%,1611,+8
3,Bapgo+7254,1586.5673882027622,22,14.0,63.6%,1659,-24
-,doejurko+3088,1560.0046270729397,0,0.0,0.0%,1560,0
-,tofuwater+4853,1532.7945625224777,0,0.0,0.0%,1533,0
-,kaiser+8343,1522.057204734514,1,0.0,0.0%,1535,-15
4,Antiproject+7236,1521.6608237932671,26,17.0,65.4%,1571,-12
5,time2orush+2871,1511.5874935303382,40,24.5,61.3%,1512,+8
6,GlisteningGeetus+4225,1484.5375317901312,20,14.0,70.0%,1500,-17
7,kurtfisto+6674,1480.4760225810592,51,29.0,56.9%,1508,+9
8,Cookies+3700,1480.2965163016333,13,7.0,53.8%,1591,-25
9,FavorOfTheRabbits+9523,1476.3253138465384,24,13.0,54.2%,1477,+17
10,Manpanzee+265,1466.8609649945654,17,9.0,52.9%,1498,+15
11,Jack432+6277,1458.5154063108596,29,12.5,43.1%,1568,-11
12,matemato+5004,1455.4173219013305,13,5.0,38.5%,1515,+23
13,kayajam+9348,1454.8446203691133,32,14.0,43.8%,1528,-7
14,ZachB+8726,1449.729851249111,24,14.0,58.3%,1513,+7
15,xozzziii+6390,1449.4300244011465,42,25.0,59.5%,1507,-11
16,Killerstorm17+3440,1445.9725412500966,24,10.0,41.7%,1533,-15
17,pooge+6189,1438.6817841044267,21,9.0,42.9%,1453,-16
18,Tricholome+4276,1435.5019825819431,57,26.0,45.6%,1501,+15
-,ShuShuBana+2889,1433.9911401703175,0,0.0,0.0%,1434,0
19,BennyJ+6079,1418.3745125495925,19,7.0,36.8%,1468,-14
20,cringelordirl+3838,1417.4893259520177,47,22.0,46.8%,1483,-7
21,Ctfox+5431,1415.8442698154795,20,10.0,50.0%,1459,+10
22,DibsOnRugarth+8415,1408.868573957155,19,10.0,52.6%,1409,+21
-,ChippZamoose+906,1406.5913897124308,0,0.0,0.0%,1407,0
23,Darkwonderer+1035,1402.2644561033674,20,12.0,60.0%,1402,+13
-,CWise+6651,1391.1682070756676,8,5.0,62.5%,1391,+29
24,LucianTheFak+3697,1390.1410743793313,21,9.0,42.9%,1436,-15
-,Mouseman+7870,1387.653653293666,0,0.0,0.0%,1388,0
25,Scipio+8842,1387.6381723432091,36,14.0,38.9%,1470,-9
-,IMPERATOR+2570,1386.6926749601148,0,0.0,0.0%,1387,0
26,dravortex+5198,1384.8942772921491,16,8.0,50.0%,1421,-15
-,Emperia+9282,1379.5341276365682,0,0.0,0.0%,1380,0
-,Xar149+9374,1374.1991826007404,0,0.0,0.0%,1374,0
27,Dumbledore+1135,1372.6884838806961,77,34.0,44.2%,1379,+13
28,uFancyHUH+8404,1364.9538077438945,32,11.0,34.4%,1438,-11
-,tippop+7531,1364.1645867362288,0,0.0,0.0%,1364,0
-,Luclid+298,1364.0806172056248,1,1.0,100.0%,1364,+39
29,MagicDream+8297,1363.4019793093303,42,19.0,45.2%,1412,-8
30,Dramsss+1,1361.3254621187994,88,31.5,35.8%,1388,-8
-,Skyr02+9346,1359.4674674403523,3,3.0,100.0%,1359,+45
-,FrancescoBr+4009,1356.3685250739566,0,0.0,0.0%,1356,0
-,Seiza+6137,1355.8476019357151,0,0.0,0.0%,1356,0
31,Aeliott+7118,1355.394508611468,46,16.5,35.9%,1436,-13
-,oshwott2844+9258,1353.7006220917187,3,0.0,0.0%,1425,-21
32,mrkent+9273,1352.6956352488658,10,4.0,40.0%,1368,+36
-,Mossfusion+6189,1343.4215655669682,0,0.0,0.0%,1343,0
33,Alineak+5371,1343.0173794355155,12,6.0,50.0%,1343,+26
-,Pandapapst+8323,1340.7643758593276,8,3.0,37.5%,1461,-20
-,BareGammon+82,1339.4739601902756,0,0.0,0.0%,1339,0
34,mishaelh1+6045,1339.1638482376568,25,9.0,36.0%,1403,-10
-,Kirien+375,1338.3748737598155,0,0.0,0.0%,1338,0
-,GlandorHooverstein+602,1333.2206612180944,0,0.0,0.0%,1333,0
-,Dekiru+4451,1331.1239158245803,0,0.0,0.0%,1331,0
-,BloodMuffin+4386,1326.146183658442,1,0.0,0.0%,1349,-24
35,radiantchaos+5523,1323.9370037839892,45,18.0,40.0%,1397,-8
36,XpertAcorn+5138,1322.8748378276239,40,17.5,43.8%,1346,-8
-,LHlegend+5313,1321.8863462152542,4,3.0,75.0%,1322,+44
-,PokerFace126+7192,1320.6894241506664,0,0.0,0.0%,1321,0
-,TimidTailwind+2597,1320.3556593863811,0,0.0,0.0%,1320,0
-,VanKaiserman+5269,1319.0043641592547,3,0.0,0.0%,1386,-25
-,ninjacat536+1220,1318.8564620688285,0,0.0,0.0%,1319,0
-,trollone1993+1106,1318.4205000863171,0,0.0,0.0%,1318,0
37,uwtron+573,1318.3977049255975,22,9.0,40.9%,1334,-18
38,GardenLily+4780,1317.8322611659753,23,9.0,39.1%,1327,+15
-,Potatosgonnacrushya+428,1312.3914629244396,0,0.0,0.0%,1312,0
-,complexartichoke+1699,1309.8447375715757,0,0.0,0.0%,1310,0
39,TurkeyNoNo+9522,1309.4350120897104,43,15.0,34.9%,1332,-10
-,Silver+6850,1308.5565150059451,0,0.0,0.0%,1309,0
-,PestoEmporium+6690,1306.9125328354257,9,2.0,22.2%,1363,-9
-,0thers1der+5053,1304.5099914200848,0,0.0,0.0%,1305,0
-,vinnie+746,1304.263183913222,0,0.0,0.0%,1304,0
-,swiftsusan+8662,1302.6513340251634,4,0.0,0.0%,1339,-12
-,Aleph+9548,1302.3346885578164,0,0.0,0.0%,1302,0
-,Blurr+1887,1300.3076204586037,0,0.0,0.0%,1300,0
-,BusinessPancake+5194,1297.2708250950363,9,4.0,44.4%,1339,+45
-,Gregoola+1424,1297.1708825734624,1,0.0,0.0%,1309,-14
40,DemaRogue+7727,1295.2680321766288,22,6.0,27.3%,1381,-8
-,WillRevolt+5749,1294.674180912066,0,0.0,0.0%,1295,0
41,Pliskin+7357,1294.666691869277,17,3.0,17.6%,1401,-19
42,idk123+6079,1292.9941168050905,13,3.0,23.1%,1369,-12
-,gord20+7161,1292.5702512521073,0,0.0,0.0%,1293,0
-,Jalapeno+9238,1292.5355014264144,6,3.0,50.0%,1379,-16
-,Nefkano+8780,1292.5319155769978,1,0.0,0.0%,1299,-9
43,CowOnAPlane+3405,1291.3378786569522,11,4.0,36.4%,1291,+35
-,dindane+250,1290.2839319180885,0,0.0,0.0%,1290,0
-,MarquiseDeGyatt+202,1287.9944046926544,0,0.0,0.0%,1288,0
-,HobGungan+2914,1286.4622323731064,0,0.0,0.0%,1286,0
-,AxlPrototype+5016,1282.9018445561903,0,0.0,0.0%,1283,0
-,Valzaan+3564,1282.4642163212932,0,0.0,0.0%,1282,0
44,KeyserSoze+1044,1282.0775282816207,20,6.0,30.0%,1342,+24
45,SpaceNugget+7305,1281.766237075615,104,28.0,26.9%,1289,-9
-,Kmahussier+2186,1279.641758577112,0,0.0,0.0%,1280,0
-,Schkitz+8222,1278.9527091038,0,0.0,0.0%,1279,0
46,Zero2400+9703,1278.9493751945627,20,8.0,40.0%,1291,-12
-,1coolguy+6294,1277.6004926040134,6,1.0,16.7%,1286,-11
-,Nudraxon+7640,1277.1318107194554,0,0.0,0.0%,1277,0
47,NadtyLite+7330,1277.0704471821114,161,44.0,27.3%,1343,-6
-,bootle+7207,1276.72596369011,0,0.0,0.0%,1277,0
-,saintstonet+7390,1275.543243538142,0,0.0,0.0%,1276,0
-,Mcauthor+181,1274.8315136054348,0,0.0,0.0%,1275,0
48,Waferseeker95+4351,1274.3656328348363,43,15.0,34.9%,1338,+16
-,NotTheThreat+4569,1273.0864985878054,4,2.0,50.0%,1299,-28
-,cliuless+2304,1268.041793742615,0,0.0,0.0%,1268,0
-,rooxoo+7785,1267.953867881477,1,1.0,100.0%,1268,+66
-,Geomorgski,1267.7614871787634,1,1.0,100.0%,1268,+66
49,DarthPuniceus+9605,1266.73730691828,15,3.0,20.0%,1334,+25
-,lazarus210,1266.3486993824315,0,0.0,0.0%,1266,0
-,Cabbage0642+3776,1266.27900896128,0,0.0,0.0%,1266,0
-,Shrek+876,1265.5544912658463,0,0.0,0.0%,1266,0
-,Plush2+8334,1263.5699968439274,0,0.0,0.0%,1264,0
-,ShowStopperW+549,1262.9210746450412,0,0.0,0.0%,1263,0
50,deejaythink+9834,1262.0241137806058,19,6.0,31.6%,1305,+22
51,Tolfan,1260.502060184308,117,38.0,32.5%,1342,-7
-,Nymmer+3243,1260.282894248586,0,0.0,0.0%,1260,0
52,lumpyprol+3206,1259.5116846145213,27,7.0,25.9%,1284,+18
-,CosmicCant+3836,1258.7911187048112,0,0.0,0.0%,1259,0
-,Mindger+7576,1257.564859579064,0,0.0,0.0%,1258,0
-,Journey+8448,1257.2441380949401,1,1.0,100.0%,1257,+55
-,BaconBoy+9689,1256.596656500518,7,3.0,42.9%,1354,-34
-,Gabobs+7758,1255.7647643585854,0,0.0,0.0%,1256,0
-,MrDrouf+3826,1255.3873376066929,0,0.0,0.0%,1255,0
-,chibimori+1707,1254.8902445752406,0,0.0,0.0%,1255,0
-,aelisheneithlon+4087,1253.593350503981,0,0.0,0.0%,1254,0
-,Jasiuńcio+3892,1253.3398085713293,0,0.0,0.0%,1253,0
53,AcolyteOfRoot+4294,1253.1140064590008,36,9.0,25.0%,1280,+17
-,pizzamagican+4983,1252.34704635551,0,0.0,0.0%,1252,0
54,Tad604+8004,1250.0697862194843,36,9.0,25.0%,1346,-9
-,Vagabond Glazer+6268,1249.3816946047878,0,0.0,0.0%,1249,0
55,skellen+1863,1247.5832731571356,13,3.0,23.1%,1324,-5
-,Bryan+5518,1246.852923680255,3,1.0,33.3%,1247,+65
-,fartinmartin+7084,1246.4615790305172,2,1.0,50.0%,1260,-16
-,pwarren8590+4047,1245.6495235516177,0,0.0,0.0%,1246,0
56,Pantuxd+4629,1244.4156924951374,39,10.0,25.6%,1279,-6
-,mehradn+1286,1243.8132408455494,2,1.0,50.0%,1262,-20
-,ToasterTrash+8502,1243.706926251129,0,0.0,0.0%,1244,0
-,KarmaBurn+1193,1243.3661857525458,0,0.0,0.0%,1243,0
-,Rabbitwarlord+1983,1242.7704745462077,2,0.0,0.0%,1267,-16
-,Wubba+9310,1242.7574377103656,0,0.0,0.0%,1243,0
57,merelymyself+4235,1242.081225827737,32,9.0,28.1%,1261,-5
-,DirtDDog+2853,1241.7079308405155,2,1.0,50.0%,1266,-26
-,superIDEN+4876,1240.4278158984193,2,1.0,50.0%,1240,+53
-,Mohammad+8142,1239.7859307884908,0,0.0,0.0%,1240,0
-,icedryst+7492,1239.7814545577571,3,1.0,33.3%,1240,+63
-,Sebby+9924,1239.7348026107509,8,3.0,37.5%,1268,-14
-,Napalminthebirdsong+5528,1238.9965425640507,0,0.0,0.0%,1239,0
58,Salitance+3491,1237.531121366558,39,8.5,21.8%,1263,+19
59,Tyr11+4081,1237.024445776696,11,3.0,27.3%,1237,+43
60,Youdge+8117,1236.0239592975654,13,3.0,23.1%,1276,-6
-,CommonGibbon+5852,1235.7600229432064,1,0.0,0.0%,1254,-21
61,Jaqoby+6211,1235.075324545663,11,4.0,36.4%,1296,+38
62,ermactually+9395,1234.7674914032668,23,7.0,30.4%,1258,+20
-,DanzigMF+6351,1234.101963239193,0,0.0,0.0%,1234,0
-,KuperMeister+8518,1233.9211039117893,0,0.0,0.0%,1234,0
-,Furry0329+6442,1233.7045293050116,0,0.0,0.0%,1234,0
-,sontei5+3678,1233.0665720494706,8,2.5,31.2%,1240,-9
-,Ptitmxz+6986,1232.8243570735067,0,0.0,0.0%,1233,0
-,Octavius+8289,1232.6305707118345,0,0.0,0.0%,1233,0
-,Nickpappa+2149,1232.300968778176,1,1.0,100.0%,1232,+63
63,KyloBot+6508,1232.1767161533694,15,4.0,26.7%,1277,-15
64,Klishu+3272,1232.1641317792557,24,7.5,31.2%,1257,+23
-,udon66+6395,1229.920120072325,0,0.0,0.0%,1230,0
-,ominouscat+4065,1229.8047678615408,1,0.0,0.0%,1249,-21
-,SlickAngel+9821,1229.677309224795,1,0.0,0.0%,1242,-14
-,Extortionator+4951,1229.4128010748336,9,3.0,33.3%,1273,-11
-,HungryJeff+6786,1227.6166630790703,0,0.0,0.0%,1228,0
-,StoneOfShame+5048,1227.0327163198067,4,1.0,25.0%,1236,-11
-,hakoo,1225.6464615978516,0,0.0,0.0%,1226,0
-,fadingnovel+7335,1224.3076632141076,0,0.0,0.0%,1224,0
-,MylesMoose+6850,1224.2481145282857,2,0.0,0.0%,1235,-6
-,RustySpruce+2483,1223.4106061610662,0,0.0,0.0%,1223,0
65,solisofmistrel+7075,1223.1038915031281,14,3.0,21.4%,1286,-7
-,RootingForYou+7246,1222.6246010312982,4,1.0,25.0%,1238,-17
-,BuliBaka+6658,1222.60921414684,0,0.0,0.0%,1223,0
-,TAKSpx+9156,1222.2752980200346,0,0.0,0.0%,1222,0
-,KFull+1226,1222.173633401309,0,0.0,0.0%,1222,0
66,Sodaface+4859,1221.425556601769,53,13.0,24.5%,1284,-4
67,Daniel+9756,1221.2203399926225,15,3.0,20.0%,1263,-7
-,TheDolphinman+2630,1220.765084423036,0,0.0,0.0%,1221,0
-,AERotters+5277,1220.691249371517,6,1.0,16.7%,1221,+46
-,Perdita+9449,1220.5500511602515,0,0.0,0.0%,1221,0
-,Acecreamsundae+1472,1220.3288540181163,0,0.0,0.0%,1220,0
68,TreyTheNomad+8345,1219.9231483976068,17,4.0,23.5%,1245,-12
-,Sjepeal+9206,1219.7842356013273,0,0.0,0.0%,1220,0
-,Dakrol+756,1217.854896049259,5,1.0,20.0%,1269,-15
-,BobFudge+7847,1217.5954001696452,5,2.0,40.0%,1317,-40
-,Niruu+622,1216.6432204562957,0,0.0,0.0%,1217,0
-,wearegang+8837,1215.9716299051731,3,1.0,33.3%,1252,-23
-,ImJustExisting+9170,1215.7702297944984,0,0.0,0.0%,1216,0
69,ChrisW0022+717,1215.3330738759762,10,3.0,30.0%,1313,-20
-,Bodnamax+6783,1213.7361535574405,0,0.0,0.0%,1214,0
70,tjudge+8299,1211.5506681326758,11,2.0,18.2%,1351,-12
-,weirdone+8473,1211.5318525186556,1,0.0,0.0%,1233,-23
-,BetterPools+6450,1209.92544842376,0,0.0,0.0%,1210,0
-,PacificCold+7409,1209.6380893282148,5,1.0,20.0%,1240,-18
-,ionou21+8459,1209.3944125154692,2,0.0,0.0%,1257,-25
-,Daz257+7505,1209.287637272777,0,0.0,0.0%,1209,0
-,Odinius+897,1209.1842523681014,1,1.0,100.0%,1209,+56
-,tlstmdgk+4635,1209.0449634391214,5,1.0,20.0%,1225,-17
-,BjarkeHuse+2923,1208.9824655350196,0,0.0,0.0%,1209,0
-,MagZeppelin+4248,1208.1385308747015,3,0.0,0.0%,1244,-15
-,StatzoryTheMad+7951,1208.015715656143,0,0.0,0.0%,1208,0
-,Riverman+1204,1206.6647257080183,7,2.0,28.6%,1230,-11
-,Bengal3+6710,1205.4097615612125,1,0.0,0.0%,1219,-16
-,LutherStr+1358,1205.1976654969994,0,0.0,0.0%,1205,0
-,Musicalwoofy+7712,1204.7664742123745,2,0.0,0.0%,1221,-7
71,Vak123+5225,1202.7627761511378,17,4.0,23.5%,1242,+26
72,Skyfish192+5548,1201.8936199907266,10,2.0,20.0%,1202,+44
-,ToughHazelnut+1523,1201.7572331370502,0,0.0,0.0%,1202,0
-,Temperz87+4696,1201.6562665912356,0,0.0,0.0%,1202,0
-,ColPop+9146,1201.488866219548,0,0.0,0.0%,1201,0
-,pheobii+5175,1200.4437560256442,0,0.0,0.0%,1200,0
-,Intraceptor+5437,1200.0200929889245,1,0.0,0.0%,1207,-9
-,Hydro033+5014,1197.8712515945142,0,0.0,0.0%,1198,0
-,AroN64+3271,1197.6018212818037,26,5.0,19.2%,1222,-7
-,fbd117+324,1196.7688409405837,0,0.0,0.0%,1197,0
-,AlixerGames+7651,1194.7595164420459,1,0.0,0.0%,1200,-7
-,5FactionsGame+95,1194.7398941842523,1,0.0,0.0%,1200,-7
-,CastHawk+3072,1194.6812285248507,1,0.0,0.0%,1200,-7
-,BMPerJMPer+9145,1194.5839819241494,33,4.0,12.1%,1303,-7
-,sda1611+3493,1193.756919454477,0,0.0,0.0%,1194,0
-,Spinz+3455,1193.3482134474789,1,0.0,0.0%,1200,-9
-,Tagatu+7056,1192.7797898315443,0,0.0,0.0%,1193,0
-,Axolatal,1192.5179856945117,0,0.0,0.0%,1193,0
-,BerkayKARSLI+2217,1192.1124657680523,1,0.0,0.0%,1200,-10
-,FausDav+5901,1191.8592810652078,0,0.0,0.0%,1192,0
-,deriokle+4319,1191.7637868157017,0,0.0,0.0%,1192,0
-,Karcher+6280,1191.700798628999,0,0.0,0.0%,1192,0
-,SMenefee+4066,1191.488715645794,0,0.0,0.0%,1191,0
-,Anton+562,1191.30183357243,0,0.0,0.0%,1191,0
-,DanielIII+6625,1190.8622758359206,1,0.0,0.0%,1200,-11
-,RiverKawaii+4578,1190.7855085268409,0,0.0,0.0%,1191,0
-,ExecutedByGromp+3925,1190.729729542367,0,0.0,0.0%,1191,0
-,justagoobyguy+884,1190.6702107331707,1,0.0,0.0%,1200,-11
-,Cutoopen+2335,1190.6267908133573,0,0.0,0.0%,1191,0
-,Traestaree+7134,1190.4272078635934,0,0.0,0.0%,1190,0
-,MisterGume+9687,1190.3253772554217,0,0.0,0.0%,1190,0
-,Olymp+9823,1190.3093137960122,0,0.0,0.0%,1190,0
-,Xerof+7582,1190.2389708328342,0,0.0,0.0%,1190,0
-,tobin+8390,1189.957619159988,0,0.0,0.0%,1190,0
-,Yojimbo+9872,1189.9221226107702,0,0.0,0.0%,1190,0
-,Marcwid+9507,1189.8298703616174,1,0.0,0.0%,1200,-12
-,ChusGG+6807,1189.635703503322,0,0.0,0.0%,1190,0
-,halzyen+4113,1189.570306925886,0,0.0,0.0%,1190,0
-,GameProfit+8226,1189.4885048583317,0,0.0,0.0%,1189,0
-,Mariv+2352,1189.2838239427865,0,0.0,0.0%,1189,0
-,Mati92+4633,1189.2290269633493,0,0.0,0.0%,1189,0
-,creapy01+439,1189.0206550793987,1,0.5,50.0%,1189,+25
-,shurgs+6277,1188.970425915199,0,0.0,0.0%,1189,0
-,LittleHalo+9882,1188.7444885026564,0,0.0,0.0%,1189,0
-,Starcore6+817,1188.73285273404,0,0.0,0.0%,1189,0
-,DarkOwl+5198,1188.6338145542547,0,0.0,0.0%,1189,0
-,BalintusMaxi+1951,1188.5661178328792,1,0.0,0.0%,1200,-13
-,sedlak87+8418,1188.2332090003858,0,0.0,0.0%,1188,0
-,Liunard0+6844,1188.1826198205376,1,0.0,0.0%,1200,-14
-,Yoten+6060,1188.1144991734363,1,0.0,0.0%,1200,-14
-,vanillapoppy+9303,1188.0547892886443,0,0.0,0.0%,1188,0
-,secretpaths+8130,1187.997177978153,0,0.0,0.0%,1188,0
-,FaceofEvil+8545,1187.8272730969154,1,0.0,0.0%,1200,-14
-,ArionGekkota+7361,1187.8150472126497,0,0.0,0.0%,1188,0
-,Shadyferret+9636,1187.7004178831412,0,0.0,0.0%,1188,0
-,Lynxtek+4186,1187.5981974296562,0,0.0,0.0%,1188,0
-,407207+8539,1187.4507842572932,1,0.0,0.0%,1200,-14
-,Wrathbone+7116,1187.2603927020891,7,1.0,14.3%,1222,-7
-,Shuuhey+6535,1187.1955541165878,0,0.0,0.0%,1187,0
-,clp10033+4124,1187.002370442691,0,0.0,0.0%,1187,0
-,LittleHalo+9982,1186.935180722994,0,0.0,0.0%,1187,0
-,SimulatedBeehive+1517,1186.785060338379,0,0.0,0.0%,1187,0
-,bobbyknuckles+6793,1186.773291292836,1,0.0,0.0%,1200,-15
-,Libitina114+7177,1186.5759319707895,0,0.0,0.0%,1187,0
-,Boyloytt+1082,1186.4120934096782,1,0.0,0.0%,1200,-15
-,Akriuss+573,1186.3114059233728,0,0.0,0.0%,1186,0
-,ChrD99+1022,1186.1999252743692,0,0.0,0.0%,1186,0
-,WyvernElement+1816,1185.9409348511986,0,0.0,0.0%,1186,0
-,Rhyno+5128,1185.919468493248,0,0.0,0.0%,1186,0
-,Raineweather05+2319,1185.671415308601,0,0.0,0.0%,1186,0
-,jaydo+8665,1185.5303653096692,1,0.0,0.0%,1200,-16
-,FelipeRocha+9451,1185.426229197815,0,0.0,0.0%,1185,0
-,mysti+7857,1185.3123977653102,0,0.0,0.0%,1185,0
-,balonthebold+1851,1185.1209182884652,0,0.0,0.0%,1185,0
-,StrikeOrca+4455,1185.0764598879512,0,0.0,0.0%,1185,0
-,mwcrabtree,1185.0695808147543,0,0.0,0.0%,1185,0
-,kantokillum+4642,1185.008632643755,1,0.0,0.0%,1200,-17
-,BLULOBSTR+1510,1184.9726356885476,0,0.0,0.0%,1185,0
-,tubaking+4200,1184.945383974229,0,0.0,0.0%,1185,0
-,TurtleJawz+3309,1184.742779545146,0,0.0,0.0%,1185,0
-,Petitparapluie+4451,1184.725161222278,1,0.0,0.0%,1200,-17
-,Pi314+6815,1184.705527538337,0,0.0,0.0%,1185,0
-,ThoseTeeff+4061,1184.6251303557297,0,0.0,0.0%,1185,0
-,ripoba+4137,1184.5029297859858,1,0.0,0.0%,1200,-17
-,Nuttsy+5282,1184.5009725017178,0,0.0,0.0%,1185,0
-,Julien+5506,1184.5009725017178,0,0.0,0.0%,1185,0
-,chosennuttso,1184.5009725017178,0,0.0,0.0%,1185,0
-,HoosierDaddy+4463,1184.4615061667082,0,0.0,0.0%,1184,0
-,stxr444+8143,1184.3951379834684,0,0.0,0.0%,1184,0
-,Akayami+8372,1184.3269267601456,0,0.0,0.0%,1184,0
-,cookain+4752,1184.290308016541,1,0.0,0.0%,1200,-18
-,lgtw3450+6602,1184.285679904671,0,0.0,0.0%,1184,0
-,MunkeyBrewster+2527,1184.1624194053115,10,1.0,10.0%,1212,-6
-,Hammad+766,1184.124819664365,0,0.0,0.0%,1184,0
-,DegenerateIan+7146,1184.068307366049,0,0.0,0.0%,1184,0
-,Demand+3288,1184.0243838181002,0,0.0,0.0%,1184,0
-,Clink+5884,1184.0243838181002,0,0.0,0.0%,1184,0
-,Quisyo+8653,1183.820642972473,0,0.0,0.0%,1184,0
-,AJIJIi,1183.6446922961093,0,0.0,0.0%,1184,0
-,Lambo+7524,1183.5791259549303,2,0.0,0.0%,1204,-4
-,Poarity+7507,1183.5220214546239,1,0.0,0.0%,1200,-18
-,FungusMouse+7883,1183.4591830708862,0,0.0,0.0%,1183,0
-,CroCroCro+9495,1183.4371361687126,0,0.0,0.0%,1183,0
-,sasquatch+9509,1183.3783590806456,0,0.0,0.0%,1183,0
-,pikeline+9847,1183.3605853623685,0,0.0,0.0%,1183,0
-,Wolvane+1704,1183.3227087845466,0,0.0,0.0%,1183,0
-,Welllll+4899,1183.185464090678,0,0.0,0.0%,1183,0
-,Azdontek+1234,1183.185464090678,0,0.0,0.0%,1183,0
-,micherin+7972,1183.0911183332073,0,0.0,0.0%,1183,0
-,GAFE15+7357,1182.998988252765,0,0.0,0.0%,1183,0
-,Sbustarella+3747,1182.989091677966,1,0.0,0.0%,1200,-19
-,yoyot1+5057,1182.93305099333,0,0.0,0.0%,1183,0
-,StellarHermit+3326,1182.893909676431,0,0.0,0.0%,1183,0
-,Lucat+9382,1182.5833984405415,0,0.0,0.0%,1183,0
-,ForkMaster+8694,1182.3159296535289,0,0.0,0.0%,1182,0
-,catscat+1327,1182.2331237379722,0,0.0,0.0%,1182,0
-,kesitron+187,1182.1104620445783,0,0.0,0.0%,1182,0
-,pigdog+4355,1182.104725749111,0,0.0,0.0%,1182,0
-,Bodoby+7221,1181.8862854657384,1,0.0,0.0%,1200,-20
-,Rachel997,1181.8131038762167,0,0.0,0.0%,1182,0
-,Fluffy+189,1181.7454679202808,0,0.0,0.0%,1182,0
-,WWren+25,1181.4059084657206,0,0.0,0.0%,1181,0
-,MelodiCat+8385,1181.3801106951762,0,0.0,0.0%,1181,0
-,Sebster+7221,1181.2206696790088,1,0.0,0.0%,1200,-21
-,Plasma+7413,1181.209988851646,0,0.0,0.0%,1181,0
-,bigcathedral+1133,1181.0202623610378,0,0.0,0.0%,1181,0
-,Vitsky+1201,1180.9183522629585,1,0.0,0.0%,1183,-4
-,languished+3352,1180.8784794288445,1,0.0,0.0%,1200,-21
-,evancomposer+2898,1180.6487394693702,0,0.0,0.0%,1181,0
-,Nukeypookie+8195,1180.3632863618502,1,0.0,0.0%,1200,-22
-,Actionman2222+4303,1180.1267367261946,0,0.0,0.0%,1180,0
-,Gibbs+3656,1180.1267367261946,0,0.0,0.0%,1180,0
-,elmoo+6190,1179.8916124760722,1,0.0,0.0%,1200,-22
-,CaptainBork+7195,1179.6523526045496,0,0.0,0.0%,1180,0
-,ConeMan+3213,1179.5636728848392,0,0.0,0.0%,1180,0
-,scaled+326,1179.2947863757736,0,0.0,0.0%,1179,0
-,Roldan+1152,1179.2759355258345,0,0.0,0.0%,1179,0
-,BuckeyeNation+0,1179.0393551481466,0,0.0,0.0%,1179,0
-,KorbohneD+2930,1178.863727477225,1,0.0,0.0%,1200,-23
-,Dandel+3128,1178.834234831924,51,12.0,23.5%,1252,-3
-,themikeman+4306,1178.6223748837474,0,0.0,0.0%,1179,0
-,QuixArtagnan+7824,1178.5799366246442,0,0.0,0.0%,1179,0
-,GuyNXS+7023,1178.5567065258683,0,0.0,0.0%,1179,0
-,aaronmaik88+3890,1178.0472208762951,0,0.0,0.0%,1178,0
-,2eaasley+6663,1178.0472208762951,0,0.0,0.0%,1178,0
-,Fidss+3013,1178.0459297020716,2,0.0,0.0%,1200,-15
-,EmbryoticDeth,1177.613943538052,0,0.0,0.0%,1178,0
-,MrRiceGuy+5849,1177.567228443005,0,0.0,0.0%,1178,0
-,CocoMocoMan+3134,1177.1478181856774,1,0.0,0.0%,1188,-13
-,wherestonks+4878,1177.136707459978,0,0.0,0.0%,1177,0
-,Cuagodking+3670,1177.0927388691782,0,0.0,0.0%,1177,0
-,Jrealz+6381,1176.658425332096,1,0.0,0.0%,1200,-25
-,RFMerlo+6470,1176.509307966452,0,0.0,0.0%,1177,0
-,Gemnait999+9712,1176.0558607751036,1,0.0,0.0%,1200,-26
-,Starhasfallen+2910,1175.5994697609888,3,0.0,0.0%,1200,-8
-,Nierxlelx+7709,1175.4999409622335,0,0.0,0.0%,1175,0
-,Peppy+6321,1175.193592308656,29,3.0,10.3%,1319,-6
-,DanielJeun+8467,1175.112110961383,0,0.0,0.0%,1175,0
-,FamilyTuber+3701,1174.6735820865845,2,0.0,0.0%,1197,-10
-,Rootenthusiast+6637,1174.2536486535178,0,0.0,0.0%,1174,0
-,Lufire+7855,1173.779805296206,0,0.0,0.0%,1174,0
-,Hasan+1782,1173.775805711461,1,0.0,0.0%,1184,-13
-,Oriol+2638,1173.6287026411349,1,0.0,0.0%,1190,-19
-,Jsn13+1881,1173.5265260827096,1,0.0,0.0%,1200,-28
-,SH4KY+5929,1173.1141795762674,2,0.0,0.0%,1200,-18
-,TenchRinggold+1755,1172.739700028448,0,0.0,0.0%,1173,0
-,benruff+449,1172.624512778689,0,0.0,0.0%,1173,0
-,jrbuck+1316,1172.6106992999667,2,0.0,0.0%,1200,-21
-,LegendsAbyss+6443,1171.907279570723,2,0.0,0.0%,1200,-15
-,GamerTower+410,1171.6539876633392,0,0.0,0.0%,1172,0
-,RedPanda+336,1171.5765830369307,0,0.0,0.0%,1172,0
-,Hazelnut19+2913,1171.4909554332296,0,0.0,0.0%,1171,0
-,goodgamepat+6980,1171.2733397096174,0,0.0,0.0%,1171,0
-,Logan+7771,1171.2673274141641,2,0.0,0.0%,1200,-16
-,Komasan+7739,1170.4993139138185,0,0.0,0.0%,1170,0
-,ImEpy+9148,1170.3114348535607,0,0.0,0.0%,1170,0
-,PajaroTronador+9221,1170.2559658977293,0,0.0,0.0%,1170,0
-,Alexispc+6921,1170.1349765039038,0,0.0,0.0%,1170,0
-,Lante+1268,1170.0759221007916,0,0.0,0.0%,1170,0
-,bluegill+307,1169.7545672241806,18,3.0,16.7%,1262,-7
-,Alienduck+9763,1169.469783999788,2,0.0,0.0%,1200,-11
-,niasdias+2358,1169.4631971960089,2,0.0,0.0%,1200,-11
-,DanielDandaniel+7434,1169.451389073632,0,0.0,0.0%,1169,0
-,FRITZIE+6336,1169.1714135133846,2,0.0,0.0%,1200,-15
-,byzeke+7830,1168.7709128775125,0,0.0,0.0%,1169,0
-,JuF3333+2975,1168.5629946169806,2,0.0,0.0%,1200,-9
-,Bitto+476,1167.8958747407282,1,0.0,0.0%,1176,-10
-,PsychologicalBox+5812,1167.5318643344565,0,0.0,0.0%,1168,0
-,EdacM+9189,1166.5762373889072,0,0.0,0.0%,1167,0
-,Excitedteapot+2857,1166.553568354502,0,0.0,0.0%,1167,0
-,Cotton+4951,1166.3826025496296,5,0.0,0.0%,1237,-16
-,sparrowhawk+9374,1166.2949139471257,14,3.0,21.4%,1278,-15
-,Potet+3500,1166.2465732501191,0,0.0,0.0%,1166,0
-,Nocturne+3620,1166.167258371635,2,0.0,0.0%,1200,-13
-,nyosh8484+1627,1165.929887703519,1,0.0,0.0%,1169,-5
-,NowOrNeverSon+9173,1165.8956121899357,2,0.0,0.0%,1200,-15
-,Lifeye+4414,1165.668064132306,0,0.0,0.0%,1166,0
-,Spuddy+6193,1165.2218844942438,18,3.0,16.7%,1203,-7
-,nathanbraun+7726,1165.206084069833,2,0.0,0.0%,1200,-21
-,JointedRumble60+7541,1165.1544706706225,2,0.0,0.0%,1200,-19
-,FireFox+7079,1165.104034804699,0,0.0,0.0%,1165,0
-,osche+990,1164.8471529090973,2,0.0,0.0%,1200,-25
-,residentevil+6828,1164.5412188432306,0,0.0,0.0%,1165,0
-,MOMOGA+5135,1164.0351714827757,0,0.0,0.0%,1164,0
-,brrrlinguist+929,1164.0314551820172,0,0.0,0.0%,1164,0
-,OUSlaughter+3653,1163.7927196176238,0,0.0,0.0%,1164,0
-,FalconBird+7701,1163.7323284909148,0,0.0,0.0%,1164,0
-,MinePokemine+7899,1163.500053670186,0,0.0,0.0%,1164,0
-,TheRedViper+1596,1163.2611997308602,0,0.0,0.0%,1163,0
-,Drinken+3181,1162.9125590519857,0,0.0,0.0%,1163,0
-,StarhardFishrinse+1675,1162.608953507278,0,0.0,0.0%,1163,0
-,asdfghkl+811,1162.3781426741523,2,0.0,0.0%,1200,-17
-,CptAlex+2928,1162.1500063718945,0,0.0,0.0%,1162,0
-,Kdos15+1623,1162.0889935087657,3,0.0,0.0%,1200,-13
-,Blepblep+6970,1161.9518308269044,0,0.0,0.0%,1162,0
-,Snivylover12+1064,1161.9106807904989,2,0.0,0.0%,1184,-9
-,Coyote+3057,1161.6100929589575,2,0.0,0.0%,1200,-17
-,DevilUnfiltered+380,1161.4084591901906,0,0.0,0.0%,1161,0
-,Marcus+9032,1160.756164963634,0,0.0,0.0%,1161,0
-,metalnooze+4817,1160.698248322218,0,0.0,0.0%,1161,0
-,Cheetah32+6800,1160.5716718218669,0,0.0,0.0%,1161,0
-,Aster+4188,1160.3748133348165,3,0.0,0.0%,1200,-14
-,RexCow+93848049,1160.298575136513,0,0.0,0.0%,1160,0
-,Bjoda+2731,1160.0116262365354,0,0.0,0.0%,1160,0
-,RaveAnt+1236,1159.9503546742064,0,0.0,0.0%,1160,0
-,Fenetix+9243,1159.9244058915924,0,0.0,0.0%,1160,0
-,Biggins96+3792,1159.8265419908992,0,0.0,0.0%,1160,0
-,kingslime+8836,1159.3724570468416,0,0.0,0.0%,1159,0
-,MangoBlade11+7548,1159.15175938197,0,0.0,0.0%,1159,0
-,Montes+8263,1158.6246453029878,7,1.0,14.3%,1200,-19
-,BigHat+3791,1158.4548023452642,0,0.0,0.0%,1158,0
-,Onninn+8321,1158.2392319520764,4,0.0,0.0%,1200,-5
-,XxD4RK_W0LFxX+9534,1158.1256644673874,0,0.0,0.0%,1158,0
-,Hiyoshi+2879,1157.5935321201505,0,0.0,0.0%,1158,0
-,Evenorodds+2809,1156.8238974071971,0,0.0,0.0%,1157,0
-,Lobster+5525,1156.2755260039266,0,0.0,0.0%,1156,0
-,Baradhas+8593,1155.5713551996628,0,0.0,0.0%,1156,0
-,Jilduhn+6197,1155.0022857532583,3,0.0,0.0%,1200,-14
-,Zeldamon+7946,1154.783036340627,0,0.0,0.0%,1155,0
-,RubyRosemary+8390,1154.774964764821,3,0.0,0.0%,1200,-13
-,pashatherussian+5688,1154.6347813680482,0,0.0,0.0%,1155,0
-,Thanhdat+1146,1153.9865350490868,0,0.0,0.0%,1154,0
-,FakeSki+4232,1153.6654919388902,0,0.0,0.0%,1154,0
-,JumboSalca+6618,1153.5299727181362,51,8.0,15.7%,1200,+18
-,Vxdaa+3835,1153.5090682704665,9,1.0,11.1%,1200,-9
-,eef99+8799,1153.1864443498453,0,0.0,0.0%,1153,0
-,FVMLion+1706,1152.7420259381067,0,0.0,0.0%,1153,0
-,Cloudere+8085,1151.5480981638473,0,0.0,0.0%,1152,0
-,maxlovesyou+9434,1151.1495247652856,66,9.0,13.6%,1200,-3
-,NaySmith+3702,1150.4014263406004,0,0.0,0.0%,1150,0
-,IndifferentFish+2547,1149.405309702922,2,0.0,0.0%,1173,-11
-,Sirius+9323,1149.2578820015387,0,0.0,0.0%,1149,0
-,BugMuff44+9091,1148.897743841236,0,0.0,0.0%,1149,0
-,mouseinabox+992,1148.675906822537,98,19.0,19.4%,1303,-3
-,Burrito+5969,1148.6573152439234,18,3.0,16.7%,1237,-7
-,Ultcyber+1551,1147.4059457392525,0,0.0,0.0%,1147,0
-,spirit+8777,1147.2066250999328,3,0.0,0.0%,1200,-23
-,TheIndustrialRevoloution+3880,1146.4996398914252,0,0.0,0.0%,1146,0
-,MoxJet+3716,1146.1772496925398,0,0.0,0.0%,1146,0
-,SSR_Mike+6444,1145.7687299294166,1,0.0,0.0%,1161,-17
-,Jerry,1145.4771210569304,0,0.0,0.0%,1145,0
-,Yucca+8041,1144.8721769278486,0,0.0,0.0%,1145,0
-,McMayo+5829,1144.2380994296518,0,0.0,0.0%,1144,0
-,Harriet+1445,1142.7856048457825,0,0.0,0.0%,1143,0
-,Soluna+2127,1142.1047842069122,0,0.0,0.0%,1142,0
-,CoxyNormus+5176,1140.2875657968652,0,0.0,0.0%,1140,0
-,ZimaBlue+5729,1140.1514433589111,1,0.0,0.0%,1146,-7
-,Lokfok+5204,1140.0703670012758,0,0.0,0.0%,1140,0
-,Matthew+8325,1139.7574255249501,4,0.0,0.0%,1200,-9
-,Yragael+5413,1139.7042939173632,1,0.0,0.0%,1164,-26
-,NattyKash+316,1139.7027277066054,0,0.0,0.0%,1140,0
-,Skumfi+5761,1138.895825758874,1,0.0,0.0%,1151,-14
-,MrMushroomMan+3221,1138.3318616630131,74,10.0,13.5%,1200,-2
-,Blank+7029,1138.2276053162575,0,0.0,0.0%,1138,0
-,Podge0303+8578,1138.02970562356,0,0.0,0.0%,1138,0
-,chux88+4717,1137.5106095088513,2,0.0,0.0%,1155,-10
-,ellbelle+9011,1137.102758499275,0,0.0,0.0%,1137,0
-,DGDKami+9860,1134.8510943347728,0,0.0,0.0%,1135,0
-,Rabbi+7,1134.3472040232691,1,0.0,0.0%,1150,-17
-,DarthOblivius+1339,1133.9542117550104,40,5.0,12.5%,1206,-2
-,Krooter+8646,1133.2501798110338,0,0.0,0.0%,1133,0
-,Buddyandbaby+212,1132.384369237764,5,0.0,0.0%,1200,-14
-,buurn+343,1131.7274252816014,77,11.0,14.3%,1242,+15
-,FatBoyyy+6258,1131.3380151069289,0,0.0,0.0%,1131,0
-,Gagneto+8499,1131.175750029343,0,0.0,0.0%,1131,0
-,kamomileTea+4472,1130.1917103659416,16,2.0,12.5%,1193,-6
-,Piechu+7320,1130.0651573176249,10,2.0,20.0%,1193,-4
-,Ironic+3891,1129.3976440922688,0,0.0,0.0%,1129,0
-,WehrleDominance+8011,1129.1293136134266,109,14.0,12.8%,1200,-2
-,optimusprawn+9866,1128.9353678989849,0,0.0,0.0%,1129,0
-,Viggs+9470,1128.2641550748197,0,0.0,0.0%,1128,0
-,PeskyPaul+5583,1128.250008383988,0,0.0,0.0%,1128,0
-,Joshi69+4249,1128.0763236993128,7,0.0,0.0%,1200,-5
-,legrandgrand+9040,1127.9417704251705,0,0.0,0.0%,1128,0
-,Sharkskln+6071,1127.865697648308,0,0.0,0.0%,1128,0
-,ReoWulf+5368,1127.442413684652,0,0.0,0.0%,1127,0
-,AxelMcKenzie+19,1126.869106189945,0,0.0,0.0%,1127,0
-,MikaelsBlessing+8102,1126.7711057603115,24,2.0,8.3%,1217,-2
-,PlagueCarrier+5718,1126.5866404747721,2,0.0,0.0%,1143,-6
-,rhino+3915,1126.5263069413447,23,3.0,13.0%,1230,-7
-,marksoz00+1780,1125.9472128078912,37,5.0,13.5%,1278,-4
-,plushcultist+9901,1125.075353149733,8,0.0,0.0%,1200,-7
-,benssoon+802,1124.4336876012248,0,0.0,0.0%,1124,0
-,DrFrog+6075,1124.1655600426795,13,1.0,7.7%,1200,-6
-,Tseka+4826,1123.8452840344123,0,0.0,0.0%,1124,0
-,Sirakrush+8293,1123.425910362088,5,0.0,0.0%,1200,-17
-,Lobber+171819,1123.3563379853113,5,0.0,0.0%,1200,-15
-,anoretu+9881,1123.1916595783948,0,0.0,0.0%,1123,0
-,TempExtremal+1625,1122.973241782949,0,0.0,0.0%,1123,0
-,EarlofEarl+908,1122.2706052713663,0,0.0,0.0%,1122,0
-,mkcy3+8006,1122.0344543447147,0,0.0,0.0%,1122,0
-,CodPieceZ+7710,1121.8264118789448,0,0.0,0.0%,1122,0
-,HeatBeats+9767,1121.322855286929,0,0.0,0.0%,1121,0
-,TheJokeisOver+2453,1120.6674403202903,5,0.0,0.0%,1200,-9
-,DarkPortents+1248,1120.0928880414162,1,0.0,0.0%,1133,-15
-,strypeez+6330,1119.439945410941,0,0.0,0.0%,1119,0
-,TheSAS+222,1118.3795233648352,6,0.0,0.0%,1200,-12
-,Xman1997+3777,1117.5006630889254,0,0.0,0.0%,1118,0
-,hauntedpebbles2+8720,1116.5125990955903,0,0.0,0.0%,1117,0
-,nikkan+7933,1115.7673233164098,0,0.0,0.0%,1116,0
-,BoMa85+9812,1115.2902631983293,1,0.0,0.0%,1119,-5
-,Awesem+1966,1114.867564425289,3,0.0,0.0%,1136,-9
-,Keirou+2295,1114.5859295164232,7,0.0,0.0%,1200,-12
-,budynzsmalcem+3790,1113.730567787195,1,0.0,0.0%,1122,-10
-,NonStInc.+6190,1113.6610915723825,0,0.0,0.0%,1114,0
-,Supersingalong+6545,1110.6299535947426,28,2.0,7.1%,1173,-2
-,Trumpet+4282,1110.4045659187975,0,0.0,0.0%,1110,0
-,Kangourouiambic+846,1109.8246043177783,58,6.0,10.3%,1227,+18
-,TheWiseFox+8428,1109.5521349123558,1,0.0,0.0%,1116,-8
-,BadScra+3199,1109.1112320066602,5,0.0,0.0%,1160,-8
-,sourdoh+5225,1108.8997269042588,5,0.0,0.0%,1151,-6
-,HollyKat902+1703,1107.831032843971,0,0.0,0.0%,1108,0
-,Fearteiler+8050,1107.6670939786231,3,0.0,0.0%,1135,-13
-,BaliHoo+3674,1106.503974743333,14,3.0,21.4%,1107,+34
-,Acelet,1106.2704785001974,0,0.0,0.0%,1106,0
-,Jboooooooooooooooooooom+4776,1105.5144741473337,0,0.0,0.0%,1106,0
-,Hossain2020+1837,1104.6865196100246,0,0.0,0.0%,1105,0
-,Cheesecake271+5205,1103.9999567562156,0,0.0,0.0%,1104,0
-,TonyDeloreanESQ+4756,1102.362505936852,29,3.0,10.3%,1168,-6
-,Hurple+6007,1102.3294165605391,35,5.0,14.3%,1108,-2
-,re_al_+5392,1100.9597153675063,0,0.0,0.0%,1101,0
-,Whats02+5282,1100.9384761148808,0,0.0,0.0%,1101,0
-,TheSillyBilly+6135,1100.5215635641541,2,0.0,0.0%,1130,-9
-,Mazrim+9295,1100.3279172097866,13,0.0,0.0%,1200,-1
-,Hadjiya+4475,1099.6096025810982,8,0.0,0.0%,1190,-12
-,KELTON+3123,1099.5849825026191,7,0.0,0.0%,1200,-7
-,MrOrungUtan+2375,1099.1087216769781,17,1.0,5.9%,1221,-8
-,KargDemiau+7823,1098.3005262083284,0,0.0,0.0%,1098,0
-,Gaborever+8187,1098.227765019902,0,0.0,0.0%,1098,0
-,amjohnson636+3986,1096.426952455109,0,0.0,0.0%,1096,0
-,NightTsuki+7092,1096.1154333054524,0,0.0,0.0%,1096,0
-,Oppapi+9478,1093.160818197685,1,0.0,0.0%,1103,-12
-,silverfox+4551,1092.609370574121,36,4.0,11.1%,1153,-2
-,Glasypress+9650,1092.2194584497786,11,0.0,0.0%,1200,-7
-,cjahwon+6865,1090.959239295814,102,13.5,13.2%,1139,-3
-,nutrimentia+2965,1090.114975016363,1,0.0,0.0%,1097,-8
-,HowDoYouDrew+716,1087.7804401514934,0,0.0,0.0%,1088,0
-,TheFourthJesse+9103,1087.2554315458037,5,0.0,0.0%,1118,-5
-,Elijah+6615,1085.4587737189825,0,0.0,0.0%,1085,0
-,Fabius+5370,1085.1831925911108,2,0.0,0.0%,1092,-3
-,tunnndz+4720,1081.7018814677635,11,1.0,9.1%,1139,-9
-,alevGO+2990,1081.6106437472515,0,0.0,0.0%,1082,0
-,Nate-inator+8253,1080.9256067054466,0,0.0,0.0%,1081,0
-,Maladay+6079,1078.6721593350123,1,0.0,0.0%,1086,-9
-,darkcat+794,1077.8290555862125,2,0.0,0.0%,1087,-7
-,RootiredRooter+4390,1074.8734088614424,1,0.0,0.0%,1081,-8
-,Jqekel+9710,1071.193149466732,20,1.0,5.0%,1230,-4
-,Banzai7000+1191,1071.011059947053,0,0.0,0.0%,1071,0
-,LilSoup+6064,1070.8467146806825,19,0.0,0.0%,1200,-7
-,rathyAro+1512,1070.6514829371827,6,0.0,0.0%,1124,-2
-,Nightfury1089+500,1069.5598345120236,10,0.0,0.0%,1200,-6
-,Mopey+1052,1067.9930962764788,9,0.0,0.0%,1200,-8
-,Doordecat+1475,1065.511043892491,0,0.0,0.0%,1066,0
-,100pctskillz+6186,1064.3558820726437,0,0.0,0.0%,1064,0
-,RedSamurai+6981,1064.3303744157681,16,0.0,0.0%,1200,-2
-,Dizzz+246,1063.821044611741,0,0.0,0.0%,1064,0
-,Raybit+2953,1061.6712904758344,0,0.0,0.0%,1062,0
-,Aceosd+1686,1060.7771986492903,0,0.0,0.0%,1061,0
-,hanban+3911,1059.666698480899,0,0.0,0.0%,1060,0
-,polyphemur+3699,1057.6881724411594,8,0.0,0.0%,1139,-6
-,sleepylabone+1003,1055.3871187588652,8,0.0,0.0%,1125,-7
-,MPEIII+9205,1054.0384166889394,26,1.0,3.8%,1200,-3
-,Diyana+933,1052.0557939326784,7,0.0,0.0%,1091,-5
-,Durian+959,1051.9460847977555,1,0.0,0.0%,1059,-9
-,blasonmyphemous+8394,1049.75196224577,0,0.0,0.0%,1050,0
-,Lex25+415,1044.4330192261446,0,0.0,0.0%,1044,0
-,Knightochan+8069,1044.221035432604,0,0.0,0.0%,1044,0
-,RangerEpic+3948,1038.964678083592,1,0.0,0.0%,1045,-8
-,Wrestler+3756,1036.35499624067,43,3.0,7.0%,1097,-2
-,Samven+4822,1035.1740461281752,20,0.0,0.0%,1200,-6
-,nmyers2+8426,1032.6003985011955,47,2.0,4.3%,1200,-2
-,Shrimpster+8461,1030.8752429416136,26,2.0,7.7%,1052,+23
-,Ljaz7+6925,1026.8716000669142,16,1.0,6.2%,1080,-5
-,voltigeur+3314,1021.4274058598896,7,0.0,0.0%,1051,-11
-,alex0+3804,1019.9693384888316,0,0.0,0.0%,1020,0
-,DawnDiVito+5802,1009.3524300245507,26,2.0,7.7%,1032,-2
-,Solsuke+409,1007.2242581142876,105,5.0,4.8%,1200,-2
-,DelSol+6479,1002.8119191273843,10,0.0,0.0%,1040,-5
-,Munchking+5998,948.7951767470843,36,2.0,5.6%,989,-2
-,DrCheeseFiend+3515,947.8682485243428,9,0.0,0.0%,973,-3
-,HyenaDon+4502,930.6415947070329,50,2.0,4.0%,953,-1
